Timestamp,Actual Price,Low 95%,High 95%,Width,Hit
2026-04-30 00:00:00 UTC,"$76,248.74","$75,077.87","$76,373.90","$1,296.04",YES
2026-04-29 23:00:00 UTC,"$75,780.00","$75,262.07","$76,477.09","$1,215.02",YES
2026-04-29 22:00:00 UTC,"$75,927.38","$75,296.62","$76,469.35","$1,172.73",YES
2026-04-29 21:00:00 UTC,"$75,933.93","$74,895.35","$76,274.95","$1,379.60",YES
2026-04-29 20:00:00 UTC,"$75,676.79","$74,855.43","$76,094.69","$1,239.26",YES
2026-04-29 19:00:00 UTC,"$75,563.86","$74,841.20","$76,038.74","$1,197.54",YES
2026-04-29 18:00:00 UTC,"$75,513.91","$75,495.02","$76,642.24","$1,147.22",YES
2026-04-29 17:00:00 UTC,"$76,184.01","$75,163.65","$76,234.24","$1,070.58",YES
2026-04-29 16:00:00 UTC,"$75,803.54","$75,328.26","$76,464.65","$1,136.39",YES
2026-04-29 15:00:00 UTC,"$75,924.25","$75,966.72","$77,166.02","$1,199.30",NO
2026-04-29 14:00:00 UTC,"$76,570.00","$76,177.22","$77,449.39","$1,272.17",YES
2026-04-29 13:00:00 UTC,"$76,783.43","$76,550.80","$77,860.45","$1,309.65",YES
2026-04-29 12:00:00 UTC,"$77,143.68","$76,957.96","$78,435.25","$1,477.29",YES
2026-04-29 11:00:00 UTC,"$77,590.03","$77,239.02","$78,163.93",$924.91,YES
2026-04-29 10:00:00 UTC,"$77,619.61","$77,161.63","$78,186.54","$1,024.92",YES
2026-04-29 09:00:00 UTC,"$77,642.00","$76,531.80","$77,614.31","$1,082.51",NO
2026-04-29 08:00:00 UTC,"$77,046.32","$76,482.07","$77,706.00","$1,223.93",YES
2026-04-29 07:00:00 UTC,"$77,053.64","$76,482.97","$77,770.15","$1,287.18",YES
2026-04-29 06:00:00 UTC,"$77,031.06","$76,680.29","$77,992.25","$1,311.96",YES
2026-04-29 05:00:00 UTC,"$77,288.38","$76,887.05","$77,734.63",$847.57,YES
2026-04-29 04:00:00 UTC,"$77,269.76","$76,502.14","$77,474.45",$972.30,YES
2026-04-29 03:00:00 UTC,"$76,994.78","$76,037.56","$77,015.13",$977.57,YES
2026-04-29 02:00:00 UTC,"$76,531.29","$76,101.10","$77,056.17",$955.08,YES
2026-04-29 01:00:00 UTC,"$76,571.00","$76,059.18","$76,971.62",$912.45,YES
2026-04-29 00:00:00 UTC,"$76,512.00","$75,888.10","$76,829.28",$941.18,YES
2026-04-28 23:00:00 UTC,"$76,342.77","$75,762.27","$76,676.78",$914.50,YES
2026-04-28 22:00:00 UTC,"$76,242.17","$75,909.30","$76,821.67",$912.37,YES
2026-04-28 21:00:00 UTC,"$76,357.15","$76,006.71","$76,870.00",$863.30,YES
2026-04-28 20:00:00 UTC,"$76,463.95","$75,850.44","$76,767.88",$917.45,YES
2026-04-28 19:00:00 UTC,"$76,330.97","$75,741.47","$76,640.17",$898.70,YES
2026-04-28 18:00:00 UTC,"$76,242.18","$75,601.21","$76,647.16","$1,045.95",YES
2026-04-28 17:00:00 UTC,"$76,187.30","$75,585.62","$76,562.56",$976.95,YES
2026-04-28 16:00:00 UTC,"$76,125.04","$75,485.20","$76,499.69","$1,014.50",YES
2026-04-28 15:00:00 UTC,"$76,066.38","$75,395.05","$76,428.42","$1,033.37",YES
2026-04-28 14:00:00 UTC,"$75,949.99","$75,628.46","$76,680.26","$1,051.80",YES
2026-04-28 13:00:00 UTC,"$76,189.84","$75,817.37","$76,766.12",$948.75,YES
2026-04-28 12:00:00 UTC,"$76,372.05","$75,699.03","$76,703.82","$1,004.79",YES
2026-04-28 11:00:00 UTC,"$76,229.00","$76,111.88","$77,059.30",$947.43,YES
2026-04-28 10:00:00 UTC,"$76,618.35","$76,109.47","$77,024.35",$914.88,YES
2026-04-28 09:00:00 UTC,"$76,598.00","$76,343.99","$77,286.95",$942.96,YES
2026-04-28 08:00:00 UTC,"$76,858.59","$76,373.51","$77,305.04",$931.53,YES
2026-04-28 07:00:00 UTC,"$76,879.28","$76,184.12","$77,190.84","$1,006.72",YES
2026-04-28 06:00:00 UTC,"$76,720.00","$76,350.48","$77,365.34","$1,014.85",YES
2026-04-28 05:00:00 UTC,"$76,885.98","$76,341.70","$77,375.16","$1,033.47",YES
2026-04-28 04:00:00 UTC,"$76,888.08","$76,236.18","$77,347.83","$1,111.64",YES
2026-04-28 03:00:00 UTC,"$76,815.18","$76,346.05","$77,415.44","$1,069.39",YES
2026-04-28 02:00:00 UTC,"$76,890.93","$76,478.82","$77,717.69","$1,238.87",YES
2026-04-28 01:00:00 UTC,"$77,084.68","$76,844.37","$77,979.98","$1,135.61",YES
2026-04-28 00:00:00 UTC,"$77,379.62","$76,819.24","$77,828.82","$1,009.58",YES
2026-04-27 23:00:00 UTC,"$77,371.32","$76,530.75","$77,494.16",$963.42,YES
2026-04-27 22:00:00 UTC,"$77,066.42","$76,236.35","$77,274.13","$1,037.78",YES
2026-04-27 21:00:00 UTC,"$76,786.81","$76,386.92","$77,440.82","$1,053.91",YES
2026-04-27 20:00:00 UTC,"$76,960.43","$76,217.84","$77,353.82","$1,135.99",YES
2026-04-27 19:00:00 UTC,"$76,878.07","$76,077.56","$77,367.69","$1,290.13",YES
2026-04-27 18:00:00 UTC,"$76,834.06","$75,922.19","$77,402.89","$1,480.70",YES
2026-04-27 17:00:00 UTC,"$76,743.24","$76,068.12","$76,947.42",$879.30,YES
2026-04-27 16:00:00 UTC,"$76,618.59","$76,299.52","$77,271.83",$972.31,YES
2026-04-27 15:00:00 UTC,"$76,793.09","$77,268.54","$78,274.22","$1,005.68",NO
2026-04-27 14:00:00 UTC,"$77,815.25","$77,181.52","$78,206.50","$1,024.99",YES
2026-04-27 13:00:00 UTC,"$77,746.74","$77,106.77","$78,146.54","$1,039.76",YES
2026-04-27 12:00:00 UTC,"$77,667.36","$77,245.25","$78,354.88","$1,109.63",YES
2026-04-27 11:00:00 UTC,"$77,844.26","$77,246.97","$78,440.89","$1,193.92",YES
2026-04-27 10:00:00 UTC,"$77,850.01","$77,183.79","$78,535.88","$1,352.08",YES
2026-04-27 09:00:00 UTC,"$77,900.01","$76,930.64","$78,627.25","$1,696.62",YES
2026-04-27 08:00:00 UTC,"$77,804.34","$76,498.60","$78,610.00","$2,111.40",YES
2026-04-27 07:00:00 UTC,"$77,606.60","$77,184.74","$78,116.60",$931.86,YES
2026-04-27 06:00:00 UTC,"$77,700.12","$77,264.72","$78,381.89","$1,117.17",YES
2026-04-27 05:00:00 UTC,"$77,785.54","$78,371.16","$79,658.53","$1,287.37",NO
2026-04-27 04:00:00 UTC,"$78,924.22","$78,473.17","$79,883.69","$1,410.51",YES
2026-04-27 03:00:00 UTC,"$79,105.49","$78,295.81","$80,091.75","$1,795.94",YES
2026-04-27 02:00:00 UTC,"$79,130.01","$78,806.34","$79,992.19","$1,185.85",YES
2026-04-27 01:00:00 UTC,"$79,283.66","$78,876.01","$79,837.57",$961.56,YES
2026-04-27 00:00:00 UTC,"$79,308.60","$78,214.99","$79,209.65",$994.66,NO
2026-04-26 23:00:00 UTC,"$78,657.55","$77,891.04","$78,814.22",$923.18,YES
2026-04-26 22:00:00 UTC,"$78,313.52","$77,968.35","$78,942.47",$974.12,YES
2026-04-26 21:00:00 UTC,"$78,417.41","$77,697.80","$78,716.26","$1,018.47",YES
2026-04-26 20:00:00 UTC,"$78,194.22","$77,787.15","$78,706.68",$919.53,YES
2026-04-26 19:00:00 UTC,"$78,221.16","$77,837.17","$78,770.00",$932.83,YES
2026-04-26 18:00:00 UTC,"$78,283.96","$77,571.16","$78,483.74",$912.59,YES
2026-04-26 17:00:00 UTC,"$78,018.57","$77,475.83","$78,410.93",$935.10,YES
2026-04-26 16:00:00 UTC,"$77,919.43","$77,596.21","$78,561.29",$965.08,YES
2026-04-26 15:00:00 UTC,"$78,049.00","$77,575.30","$78,610.14","$1,034.84",YES
2026-04-26 14:00:00 UTC,"$78,095.66","$77,506.69","$78,430.14",$923.46,YES
2026-04-26 13:00:00 UTC,"$77,977.79","$77,409.53","$78,329.81",$920.28,YES
2026-04-26 12:00:00 UTC,"$77,833.08","$77,654.39","$78,575.09",$920.70,YES
2026-04-26 11:00:00 UTC,"$78,101.44","$77,542.51","$78,486.93",$944.41,YES
2026-04-26 10:00:00 UTC,"$78,002.43","$77,498.66","$78,544.81","$1,046.16",YES
2026-04-26 09:00:00 UTC,"$77,999.99","$77,522.53","$78,613.69","$1,091.17",YES
2026-04-26 08:00:00 UTC,"$78,032.59","$77,584.79","$78,734.50","$1,149.72",YES
2026-04-26 07:00:00 UTC,"$78,102.53","$77,368.79","$78,652.67","$1,283.88",YES
2026-04-26 06:00:00 UTC,"$77,999.04","$77,527.34","$78,529.37","$1,002.02",YES
2026-04-26 05:00:00 UTC,"$77,983.31","$77,310.54","$78,236.87",$926.34,YES
2026-04-26 04:00:00 UTC,"$77,774.29","$76,945.33","$77,846.14",$900.81,YES
2026-04-26 03:00:00 UTC,"$77,400.21","$77,035.94","$77,926.72",$890.77,YES
2026-04-26 02:00:00 UTC,"$77,512.67","$77,001.73","$77,885.06",$883.34,YES
2026-04-26 01:00:00 UTC,"$77,461.16","$77,085.51","$77,990.95",$905.44,YES
2026-04-26 00:00:00 UTC,"$77,502.40","$77,119.83","$78,141.39","$1,021.56",YES
2026-04-25 23:00:00 UTC,"$77,625.00","$77,063.40","$78,059.40",$996.00,YES
2026-04-25 22:00:00 UTC,"$77,557.01","$77,042.98","$78,000.29",$957.32,YES
2026-04-25 21:00:00 UTC,"$77,525.84","$76,961.18","$77,959.00",$997.82,YES
2026-04-25 20:00:00 UTC,"$77,479.13","$76,825.56","$77,811.51",$985.95,YES
2026-04-25 19:00:00 UTC,"$77,330.01","$76,720.89","$77,806.74","$1,085.86",YES
2026-04-25 18:00:00 UTC,"$77,313.00","$76,731.93","$77,762.49","$1,030.55",YES
2026-04-25 17:00:00 UTC,"$77,245.77","$76,892.17","$77,844.99",$952.82,YES
2026-04-25 16:00:00 UTC,"$77,397.27","$76,834.22","$77,826.46",$992.23,YES
2026-04-25 15:00:00 UTC,"$77,330.26","$77,188.03","$78,135.43",$947.40,YES
2026-04-25 14:00:00 UTC,"$77,656.75","$77,244.20","$78,177.55",$933.35,YES
2026-04-25 13:00:00 UTC,"$77,691.69","$77,127.73","$77,990.67",$862.94,YES
2026-04-25 12:00:00 UTC,"$77,557.14","$77,219.20","$78,203.28",$984.07,YES
2026-04-25 11:00:00 UTC,"$77,682.30","$77,338.15","$78,306.60",$968.45,YES
2026-04-25 10:00:00 UTC,"$77,787.77","$77,260.50","$78,153.38",$892.88,YES
2026-04-25 09:00:00 UTC,"$77,714.55","$77,169.96","$78,062.42",$892.45,YES
2026-04-25 08:00:00 UTC,"$77,643.37","$77,027.82","$77,967.92",$940.10,YES
2026-04-25 07:00:00 UTC,"$77,501.19","$76,987.88","$77,974.17",$986.29,YES
2026-04-25 06:00:00 UTC,"$77,503.63","$77,054.40","$77,978.46",$924.07,YES
2026-04-25 05:00:00 UTC,"$77,510.28","$77,157.89","$78,144.40",$986.51,YES
2026-04-25 04:00:00 UTC,"$77,619.05","$77,162.30","$78,157.54",$995.24,YES
2026-04-25 03:00:00 UTC,"$77,679.07","$77,080.42","$78,057.13",$976.71,YES
2026-04-25 02:00:00 UTC,"$77,607.80","$76,982.02","$78,001.47","$1,019.44",YES
2026-04-25 01:00:00 UTC,"$77,541.63","$76,919.48","$77,956.25","$1,036.78",YES
2026-04-25 00:00:00 UTC,"$77,456.88","$76,880.06","$77,928.34","$1,048.28",YES
2026-04-24 23:00:00 UTC,"$77,437.13","$76,802.79","$77,782.52",$979.72,YES
2026-04-24 22:00:00 UTC,"$77,328.91","$77,036.94","$78,024.77",$987.83,YES
2026-04-24 21:00:00 UTC,"$77,536.48","$77,182.47","$78,210.83","$1,028.36",YES
2026-04-24 20:00:00 UTC,"$77,718.31","$77,095.74","$78,118.81","$1,023.07",YES
2026-04-24 19:00:00 UTC,"$77,628.85","$77,065.25","$78,134.61","$1,069.37",YES
2026-04-24 18:00:00 UTC,"$77,618.24","$77,186.16","$78,194.08","$1,007.91",YES
2026-04-24 17:00:00 UTC,"$77,681.71","$77,204.52","$78,328.86","$1,124.35",YES
2026-04-24 16:00:00 UTC,"$77,777.28","$77,433.26","$78,639.00","$1,205.74",YES
2026-04-24 15:00:00 UTC,"$78,038.62","$77,364.46","$78,654.67","$1,290.22",YES
2026-04-24 14:00:00 UTC,"$78,037.64","$77,336.99","$78,888.29","$1,551.31",YES
2026-04-24 13:00:00 UTC,"$78,093.79","$77,704.36","$78,884.49","$1,180.13",YES
2026-04-24 12:00:00 UTC,"$78,275.66","$77,679.90","$78,788.64","$1,108.75",YES
2026-04-24 11:00:00 UTC,"$78,240.26","$77,175.53","$78,232.79","$1,057.26",NO
2026-04-24 10:00:00 UTC,"$77,752.36","$77,013.37","$78,082.16","$1,068.79",YES
2026-04-24 09:00:00 UTC,"$77,527.69","$77,239.06","$78,326.16","$1,087.11",YES
2026-04-24 08:00:00 UTC,"$77,785.71","$77,035.65","$78,232.65","$1,197.00",YES
2026-04-24 07:00:00 UTC,"$77,644.60","$77,230.34","$78,392.92","$1,162.58",YES
2026-04-24 06:00:00 UTC,"$77,789.75","$77,281.83","$78,594.86","$1,313.03",YES
2026-04-24 05:00:00 UTC,"$77,953.48","$77,038.94","$78,231.58","$1,192.64",YES
2026-04-24 04:00:00 UTC,"$77,670.00","$77,221.92","$78,248.68","$1,026.76",YES
2026-04-24 03:00:00 UTC,"$77,737.85","$77,608.77","$78,713.57","$1,104.80",YES
2026-04-24 02:00:00 UTC,"$78,125.65","$77,898.54","$79,044.99","$1,146.44",YES
2026-04-24 01:00:00 UTC,"$78,429.73","$77,837.74","$79,114.04","$1,276.30",YES
2026-04-24 00:00:00 UTC,"$78,417.22","$77,764.18","$78,808.27","$1,044.09",YES
2026-04-23 23:00:00 UTC,"$78,257.48","$77,719.07","$78,824.33","$1,105.26",YES
2026-04-23 22:00:00 UTC,"$78,235.30","$77,289.61","$78,460.72","$1,171.11",YES
2026-04-23 21:00:00 UTC,"$77,864.83","$77,202.04","$78,526.18","$1,324.14",YES
2026-04-23 20:00:00 UTC,"$77,886.97","$76,965.58","$78,474.84","$1,509.26",YES
2026-04-23 19:00:00 UTC,"$77,727.26","$76,925.68","$78,374.55","$1,448.87",YES
2026-04-23 18:00:00 UTC,"$77,678.65","$76,980.80","$78,537.91","$1,557.11",YES
2026-04-23 17:00:00 UTC,"$77,769.21","$77,293.81","$79,022.76","$1,728.95",YES
2026-04-23 16:00:00 UTC,"$78,103.72","$77,825.81","$78,987.96","$1,162.15",YES
2026-04-23 15:00:00 UTC,"$78,376.76","$77,577.24","$78,720.28","$1,143.04",YES
2026-04-23 14:00:00 UTC,"$78,180.77","$76,952.48","$78,118.26","$1,165.78",NO
2026-04-23 13:00:00 UTC,"$77,532.23","$77,320.67","$78,391.32","$1,070.65",YES
2026-04-23 12:00:00 UTC,"$77,870.53","$77,112.15","$78,191.18","$1,079.02",YES
2026-04-23 11:00:00 UTC,"$77,704.62","$76,849.72","$77,915.94","$1,066.22",YES
2026-04-23 10:00:00 UTC,"$77,403.63","$77,103.55","$78,138.13","$1,034.58",YES
2026-04-23 09:00:00 UTC,"$77,655.34","$77,340.70","$78,358.64","$1,017.94",YES
2026-04-23 08:00:00 UTC,"$77,858.35","$77,498.19","$78,557.35","$1,059.16",YES
2026-04-23 07:00:00 UTC,"$78,048.62","$77,610.57","$78,839.06","$1,228.48",YES
2026-04-23 06:00:00 UTC,"$78,211.43","$77,436.39","$78,662.33","$1,225.94",YES
2026-04-23 05:00:00 UTC,"$78,033.87","$77,232.97","$78,565.17","$1,332.20",YES
2026-04-23 04:00:00 UTC,"$77,920.09","$77,159.05","$78,325.66","$1,166.61",YES
2026-04-23 03:00:00 UTC,"$77,746.46","$77,367.88","$78,631.64","$1,263.76",YES
2026-04-23 02:00:00 UTC,"$77,939.92","$77,751.36","$78,996.29","$1,244.93",YES
2026-04-23 01:00:00 UTC,"$78,359.23","$77,842.86","$79,085.87","$1,243.01",YES
2026-04-23 00:00:00 UTC,"$78,424.29","$77,525.30","$78,862.19","$1,336.89",YES
2026-04-22 23:00:00 UTC,"$78,178.23","$78,063.67","$79,285.75","$1,222.07",YES
2026-04-22 22:00:00 UTC,"$78,607.95","$78,233.66","$79,334.19","$1,100.53",YES
2026-04-22 21:00:00 UTC,"$78,762.69","$77,921.31","$79,126.42","$1,205.11",YES
2026-04-22 20:00:00 UTC,"$78,436.68","$78,272.54","$79,645.39","$1,372.85",YES
2026-04-22 19:00:00 UTC,"$78,846.62","$78,362.35","$79,863.64","$1,501.29",YES
2026-04-22 18:00:00 UTC,"$79,022.39","$78,309.93","$79,672.01","$1,362.08",YES
2026-04-22 17:00:00 UTC,"$78,900.00","$78,174.11","$79,631.87","$1,457.75",YES
2026-04-22 16:00:00 UTC,"$78,743.59","$78,563.33","$80,261.45","$1,698.12",YES
2026-04-22 15:00:00 UTC,"$79,272.90","$78,722.39","$79,642.81",$920.43,YES
2026-04-22 14:00:00 UTC,"$79,045.75","$78,397.65","$79,464.10","$1,066.45",YES
2026-04-22 13:00:00 UTC,"$78,840.94","$77,816.14","$78,914.32","$1,098.19",YES
2026-04-22 12:00:00 UTC,"$78,236.05","$77,868.73","$78,939.60","$1,070.87",YES
2026-04-22 11:00:00 UTC,"$78,300.00","$77,646.97","$78,841.62","$1,194.64",YES
2026-04-22 10:00:00 UTC,"$78,157.41","$77,384.05","$78,841.23","$1,457.18",YES
2026-04-22 09:00:00 UTC,"$78,001.95","$77,265.84","$78,993.14","$1,727.30",YES
2026-04-22 08:00:00 UTC,"$78,010.92","$77,058.36","$79,177.36","$2,119.00",YES
2026-04-22 07:00:00 UTC,"$78,012.79","$77,073.85","$79,194.33","$2,120.49",YES
2026-04-22 06:00:00 UTC,"$78,010.72","$76,757.31","$79,548.03","$2,790.73",YES
2026-04-22 05:00:00 UTC,"$77,994.93","$75,877.16","$79,330.18","$3,453.02",YES
2026-04-22 04:00:00 UTC,"$77,523.00","$77,123.48","$78,195.89","$1,072.41",YES
2026-04-22 03:00:00 UTC,"$77,521.48","$76,675.79","$78,480.22","$1,804.42",YES
2026-04-22 02:00:00 UTC,"$77,604.71","$75,201.28","$77,371.98","$2,170.71",NO
2026-04-22 01:00:00 UTC,"$76,297.99","$75,692.40","$77,104.19","$1,411.79",YES
2026-04-22 00:00:00 UTC,"$76,370.45","$75,491.53","$77,128.84","$1,637.31",YES
2026-04-21 23:00:00 UTC,"$76,336.15","$74,595.26","$76,788.63","$2,193.37",YES
2026-04-21 22:00:00 UTC,"$75,650.04","$74,869.09","$76,230.97","$1,361.88",YES
2026-04-21 21:00:00 UTC,"$75,549.99","$75,152.97","$76,101.13",$948.16,YES
2026-04-21 20:00:00 UTC,"$75,698.51","$74,493.09","$75,478.26",$985.16,NO
2026-04-21 19:00:00 UTC,"$75,023.43","$75,071.92","$76,070.54",$998.62,NO
2026-04-21 18:00:00 UTC,"$75,610.21","$74,998.92","$76,055.86","$1,056.94",YES
2026-04-21 17:00:00 UTC,"$75,545.62","$75,211.31","$76,354.87","$1,143.56",YES
2026-04-21 16:00:00 UTC,"$75,781.18","$75,205.55","$76,412.45","$1,206.89",YES
2026-04-21 15:00:00 UTC,"$75,834.65","$75,011.92","$76,360.71","$1,348.79",YES
2026-04-21 14:00:00 UTC,"$75,675.05","$75,170.02","$76,590.10","$1,420.08",YES
2026-04-21 13:00:00 UTC,"$75,899.98","$75,283.30","$76,802.31","$1,519.01",YES
2026-04-21 12:00:00 UTC,"$76,009.46","$75,895.49","$77,158.46","$1,262.97",YES
2026-04-21 11:00:00 UTC,"$76,452.94","$76,152.82","$77,506.07","$1,353.25",YES
2026-04-21 10:00:00 UTC,"$76,746.41","$75,994.23","$76,916.97",$922.74,YES
2026-04-21 09:00:00 UTC,"$76,362.77","$76,023.93","$77,014.61",$990.68,YES
2026-04-21 08:00:00 UTC,"$76,507.21","$75,626.66","$76,625.02",$998.36,YES
2026-04-21 07:00:00 UTC,"$76,084.34","$75,457.87","$76,518.38","$1,060.51",YES
2026-04-21 06:00:00 UTC,"$75,974.11","$75,270.81","$76,381.76","$1,110.95",YES
2026-04-21 05:00:00 UTC,"$75,802.00","$75,239.81","$76,424.26","$1,184.45",YES
2026-04-21 04:00:00 UTC,"$75,813.81","$75,189.54","$76,206.68","$1,017.15",YES
2026-04-21 03:00:00 UTC,"$75,710.30","$75,039.35","$76,207.54","$1,168.19",YES
2026-04-21 02:00:00 UTC,"$75,581.33","$75,386.16","$76,512.87","$1,126.71",YES
2026-04-21 01:00:00 UTC,"$75,927.59","$75,524.94","$76,698.33","$1,173.40",YES
2026-04-21 00:00:00 UTC,"$76,092.45","$75,154.59","$76,640.22","$1,485.63",YES
2026-04-20 23:00:00 UTC,"$75,840.97","$75,295.21","$76,763.78","$1,468.56",YES
2026-04-20 22:00:00 UTC,"$75,974.24","$75,084.11","$76,945.23","$1,861.12",YES
2026-04-20 21:00:00 UTC,"$75,954.71","$75,245.02","$77,319.78","$2,074.76",YES
2026-04-20 20:00:00 UTC,"$76,276.17","$75,403.78","$77,444.38","$2,040.60",YES
2026-04-20 19:00:00 UTC,"$76,296.96","$75,585.18","$77,369.60","$1,784.42",YES
2026-04-20 18:00:00 UTC,"$76,423.69","$75,000.31","$76,807.71","$1,807.40",YES
2026-04-20 17:00:00 UTC,"$75,898.14","$74,912.28","$75,848.24",$935.96,NO
2026-04-20 16:00:00 UTC,"$75,338.74","$75,238.32","$76,207.95",$969.64,YES
2026-04-20 15:00:00 UTC,"$75,716.77","$74,552.49","$75,552.85","$1,000.35",NO
2026-04-20 14:00:00 UTC,"$75,034.79","$74,768.16","$75,917.37","$1,149.22",YES
2026-04-20 13:00:00 UTC,"$75,269.38","$74,761.79","$75,964.40","$1,202.61",YES
2026-04-20 12:00:00 UTC,"$75,289.90","$74,551.40","$75,846.52","$1,295.12",YES
2026-04-20 11:00:00 UTC,"$75,192.71","$74,413.57","$75,665.52","$1,251.95",YES
2026-04-20 10:00:00 UTC,"$75,027.26","$74,331.63","$75,752.89","$1,421.27",YES
2026-04-20 09:00:00 UTC,"$75,062.77","$73,909.89","$75,603.57","$1,693.67",YES
2026-04-20 08:00:00 UTC,"$74,728.91","$74,292.66","$75,424.47","$1,131.81",YES
2026-04-20 07:00:00 UTC,"$74,837.17","$74,202.18","$75,305.50","$1,103.33",YES
2026-04-20 06:00:00 UTC,"$74,786.59","$73,616.54","$74,914.26","$1,297.72",YES
2026-04-20 05:00:00 UTC,"$74,264.15","$73,927.07","$75,280.22","$1,353.15",YES
2026-04-20 04:00:00 UTC,"$74,567.64","$73,788.02","$75,402.98","$1,614.96",YES
2026-04-20 03:00:00 UTC,"$74,634.00","$73,581.18","$75,182.84","$1,601.66",YES
2026-04-20 02:00:00 UTC,"$74,410.01","$74,001.66","$75,054.26","$1,052.60",YES
2026-04-20 01:00:00 UTC,"$74,595.13","$73,558.89","$74,771.89","$1,212.99",YES
2026-04-20 00:00:00 UTC,"$74,280.01","$73,178.20","$74,286.86","$1,108.66",YES
2026-04-19 23:00:00 UTC,"$73,801.79","$73,418.73","$74,520.38","$1,101.66",YES
2026-04-19 22:00:00 UTC,"$74,047.34","$73,759.74","$74,940.48","$1,180.74",YES
2026-04-19 21:00:00 UTC,"$74,425.15","$74,027.93","$75,188.30","$1,160.37",YES
2026-04-19 20:00:00 UTC,"$74,630.00","$74,155.51","$75,591.30","$1,435.79",YES
2026-04-19 19:00:00 UTC,"$74,965.47","$74,082.23","$75,310.40","$1,228.17",YES
2026-04-19 18:00:00 UTC,"$74,770.11","$74,225.47","$75,288.39","$1,062.92",YES
2026-04-19 17:00:00 UTC,"$74,791.26","$74,805.71","$76,008.58","$1,202.87",NO
2026-04-19 16:00:00 UTC,"$75,382.86","$75,189.10","$76,613.76","$1,424.65",YES
2026-04-19 15:00:00 UTC,"$75,846.63","$75,395.17","$76,657.89","$1,262.73",YES
2026-04-19 14:00:00 UTC,"$76,024.01","$75,147.32","$76,605.60","$1,458.28",YES
2026-04-19 13:00:00 UTC,"$75,921.75","$75,055.59","$76,133.92","$1,078.33",YES
2026-04-19 12:00:00 UTC,"$75,571.60","$75,061.89","$76,053.48",$991.59,YES
2026-04-19 11:00:00 UTC,"$75,604.11","$74,703.28","$75,662.88",$959.60,YES
2026-04-19 10:00:00 UTC,"$75,222.45","$74,504.74","$75,386.35",$881.61,YES
2026-04-19 09:00:00 UTC,"$75,015.00","$74,741.74","$75,675.41",$933.67,YES
2026-04-19 08:00:00 UTC,"$75,257.60","$74,754.66","$75,667.48",$912.82,YES
2026-04-19 07:00:00 UTC,"$75,252.34","$74,902.24","$75,798.06",$895.82,YES
2026-04-19 06:00:00 UTC,"$75,400.09","$75,075.69","$75,965.62",$889.93,YES
2026-04-19 05:00:00 UTC,"$75,545.60","$75,164.01","$76,033.91",$869.89,YES
2026-04-19 04:00:00 UTC,"$75,664.62","$75,018.92","$75,940.39",$921.47,YES
2026-04-19 03:00:00 UTC,"$75,515.77","$75,018.44","$75,911.65",$893.21,YES
2026-04-19 02:00:00 UTC,"$75,496.00","$75,144.01","$76,055.37",$911.36,YES
2026-04-19 01:00:00 UTC,"$75,621.95","$75,187.70","$76,109.44",$921.74,YES
2026-04-19 00:00:00 UTC,"$75,693.01","$75,198.23","$76,121.62",$923.38,YES
2026-04-18 23:00:00 UTC,"$75,691.76","$75,301.40","$76,239.15",$937.75,YES
2026-04-18 22:00:00 UTC,"$75,813.53","$75,322.87","$76,252.88",$930.01,YES
2026-04-18 21:00:00 UTC,"$75,821.34","$75,200.21","$76,211.11","$1,010.90",YES
2026-04-18 20:00:00 UTC,"$75,754.78","$75,078.76","$76,105.86","$1,027.10",YES
2026-04-18 19:00:00 UTC,"$75,649.85","$75,099.40","$76,088.44",$989.04,YES
2026-04-18 18:00:00 UTC,"$75,651.78","$75,281.30","$76,331.38","$1,050.08",YES
2026-04-18 17:00:00 UTC,"$75,828.51","$75,414.57","$76,436.27","$1,021.70",YES
2026-04-18 16:00:00 UTC,"$75,943.35","$75,589.81","$76,638.30","$1,048.49",YES
2026-04-18 15:00:00 UTC,"$76,167.34","$75,672.17","$76,772.91","$1,100.74",YES
2026-04-18 14:00:00 UTC,"$76,249.99","$75,499.38","$76,640.76","$1,141.38",YES
2026-04-18 13:00:00 UTC,"$76,122.87","$75,551.54","$76,790.40","$1,238.85",YES
2026-04-18 12:00:00 UTC,"$76,206.97","$75,453.76","$76,516.83","$1,063.07",YES
2026-04-18 11:00:00 UTC,"$76,039.05","$75,640.87","$76,707.65","$1,066.78",YES
2026-04-18 10:00:00 UTC,"$76,189.56","$76,080.13","$77,085.25","$1,005.12",YES
2026-04-18 09:00:00 UTC,"$76,599.89","$76,264.24","$77,239.88",$975.64,YES
2026-04-18 08:00:00 UTC,"$76,738.63","$76,512.98","$77,571.13","$1,058.16",YES
2026-04-18 07:00:00 UTC,"$76,997.80","$76,634.43","$77,690.63","$1,056.20",YES
2026-04-18 06:00:00 UTC,"$77,136.01","$76,642.78","$77,712.86","$1,070.08",YES
2026-04-18 05:00:00 UTC,"$77,134.66","$76,631.30","$77,690.05","$1,058.75",YES
2026-04-18 04:00:00 UTC,"$77,100.74","$76,538.35","$77,600.80","$1,062.45",YES
2026-04-18 03:00:00 UTC,"$77,005.47","$76,795.03","$77,923.84","$1,128.81",YES
2026-04-18 02:00:00 UTC,"$77,292.52","$76,647.94","$77,838.05","$1,190.12",YES
2026-04-18 01:00:00 UTC,"$77,218.07","$76,641.87","$77,758.98","$1,117.10",YES
2026-04-18 00:00:00 UTC,"$77,168.00","$76,504.13","$77,793.40","$1,289.27",YES
2026-04-17 23:00:00 UTC,"$77,072.00","$76,802.25","$78,060.94","$1,258.69",YES
2026-04-17 22:00:00 UTC,"$77,301.25","$76,767.62","$78,316.11","$1,548.49",YES
2026-04-17 21:00:00 UTC,"$77,445.73","$76,679.61","$78,230.57","$1,550.96",YES
2026-04-17 20:00:00 UTC,"$77,337.64","$76,563.93","$78,396.05","$1,832.12",YES
2026-04-17 19:00:00 UTC,"$77,393.58","$76,390.15","$78,221.53","$1,831.38",YES
2026-04-17 18:00:00 UTC,"$77,159.89","$76,469.31","$78,956.80","$2,487.49",YES
2026-04-17 17:00:00 UTC,"$77,520.59","$76,510.04","$79,712.27","$3,202.23",YES
2026-04-17 16:00:00 UTC,"$77,857.14","$76,231.87","$79,742.46","$3,510.59",YES
2026-04-17 15:00:00 UTC,"$77,785.02","$77,020.74","$79,075.16","$2,054.42",YES
2026-04-17 14:00:00 UTC,"$77,886.77","$76,650.07","$78,202.22","$1,552.15",YES
2026-04-17 13:00:00 UTC,"$77,340.12","$75,485.54","$77,125.95","$1,640.41",NO
2026-04-17 12:00:00 UTC,"$76,233.05","$74,847.38","$76,430.01","$1,582.63",YES
2026-04-17 11:00:00 UTC,"$75,589.70","$74,312.33","$76,367.46","$2,055.13",YES
2026-04-17 10:00:00 UTC,"$75,278.77","$75,309.40","$76,383.54","$1,074.14",NO
2026-04-17 09:00:00 UTC,"$75,779.99","$75,166.41","$76,442.00","$1,275.58",YES
2026-04-17 08:00:00 UTC,"$75,780.38","$74,498.27","$75,724.19","$1,225.92",NO
2026-04-17 07:00:00 UTC,"$75,074.77","$74,380.42","$75,480.05","$1,099.62",YES
2026-04-17 06:00:00 UTC,"$74,938.52","$73,963.30","$75,270.63","$1,307.34",YES
2026-04-17 05:00:00 UTC,"$74,637.77","$74,074.38","$75,499.61","$1,425.23",YES
2026-04-17 04:00:00 UTC,"$74,791.39","$73,890.01","$75,314.99","$1,424.98",YES
2026-04-17 03:00:00 UTC,"$74,615.82","$74,004.78","$75,426.54","$1,421.77",YES
2026-04-17 02:00:00 UTC,"$74,700.00","$74,031.44","$75,530.84","$1,499.39",YES
2026-04-17 01:00:00 UTC,"$74,750.00","$74,247.29","$75,728.64","$1,481.35",YES
2026-04-17 00:00:00 UTC,"$74,944.98","$74,326.51","$75,951.73","$1,625.23",YES
2026-04-16 23:00:00 UTC,"$75,154.29","$74,062.55","$75,719.20","$1,656.65",YES
2026-04-16 22:00:00 UTC,"$74,867.92","$74,057.37","$75,830.09","$1,772.71",YES
2026-04-16 21:00:00 UTC,"$74,934.24","$74,382.71","$76,211.99","$1,829.28",YES
2026-04-16 20:00:00 UTC,"$75,223.47","$74,593.42","$76,168.84","$1,575.42",YES
2026-04-16 19:00:00 UTC,"$75,342.99","$74,110.77","$75,852.15","$1,741.37",YES
2026-04-16 18:00:00 UTC,"$75,026.71","$73,542.91","$75,191.35","$1,648.43",YES
2026-04-16 17:00:00 UTC,"$74,343.25","$73,590.77","$74,830.43","$1,239.66",YES
2026-04-16 16:00:00 UTC,"$74,175.57","$73,981.05","$75,319.58","$1,338.53",YES
2026-04-16 15:00:00 UTC,"$74,697.19","$73,369.70","$74,398.59","$1,028.89",NO
2026-04-16 14:00:00 UTC,"$73,973.33","$73,245.30","$74,325.13","$1,079.83",YES
2026-04-16 13:00:00 UTC,"$73,788.03","$74,076.16","$75,125.85","$1,049.69",NO
2026-04-16 12:00:00 UTC,"$74,624.00","$74,044.42","$75,057.92","$1,013.51",YES
2026-04-16 11:00:00 UTC,"$74,574.79","$73,769.86","$74,841.33","$1,071.47",YES
2026-04-16 10:00:00 UTC,"$74,313.00","$74,048.36","$75,146.05","$1,097.69",YES
2026-04-16 09:00:00 UTC,"$74,594.02","$74,156.41","$75,211.84","$1,055.43",YES
2026-04-16 08:00:00 UTC,"$74,677.91","$74,218.47","$75,272.03","$1,053.55",YES
2026-04-16 07:00:00 UTC,"$74,707.03","$74,539.46","$75,639.07","$1,099.62",YES
2026-04-16 06:00:00 UTC,"$75,045.01","$74,490.75","$75,666.00","$1,175.25",YES
2026-04-16 05:00:00 UTC,"$75,043.48","$74,421.27","$75,573.45","$1,152.18",YES
2026-04-16 04:00:00 UTC,"$74,944.15","$74,324.42","$75,506.58","$1,182.15",YES
2026-04-16 03:00:00 UTC,"$74,888.21","$74,299.56","$75,530.60","$1,231.04",YES
2026-04-16 02:00:00 UTC,"$74,887.24","$74,063.56","$75,376.87","$1,313.31",YES
2026-04-16 01:00:00 UTC,"$74,657.66","$74,197.53","$75,503.21","$1,305.68",YES
2026-04-16 00:00:00 UTC,"$74,815.10","$74,214.21","$75,566.71","$1,352.50",YES
2026-04-15 23:00:00 UTC,"$74,809.99","$74,282.30","$75,781.77","$1,499.47",YES
2026-04-15 22:00:00 UTC,"$74,964.00","$74,009.93","$75,548.84","$1,538.91",YES
2026-04-15 21:00:00 UTC,"$74,743.10","$74,201.08","$75,524.41","$1,323.33",YES
2026-04-15 20:00:00 UTC,"$74,841.68","$74,424.83","$75,656.27","$1,231.44",YES
2026-04-15 19:00:00 UTC,"$75,002.60","$73,763.19","$75,061.67","$1,298.48",YES
2026-04-15 18:00:00 UTC,"$74,390.29","$73,495.27","$74,737.07","$1,241.80",YES
2026-04-15 17:00:00 UTC,"$74,134.95","$73,299.84","$74,499.42","$1,199.58",YES
2026-04-15 16:00:00 UTC,"$73,941.09","$73,260.07","$74,427.40","$1,167.32",YES
2026-04-15 15:00:00 UTC,"$73,844.08","$73,476.31","$74,804.25","$1,327.94",YES
2026-04-15 14:00:00 UTC,"$74,151.81","$73,395.05","$74,805.27","$1,410.22",YES
2026-04-15 13:00:00 UTC,"$74,063.92","$73,581.07","$74,955.38","$1,374.31",YES
2026-04-15 12:00:00 UTC,"$74,273.77","$73,517.09","$74,866.15","$1,349.06",YES
2026-04-15 11:00:00 UTC,"$74,201.78","$73,127.57","$74,643.34","$1,515.77",YES
2026-04-15 10:00:00 UTC,"$73,864.75","$73,314.84","$74,734.58","$1,419.74",YES
2026-04-15 09:00:00 UTC,"$74,011.69","$73,335.57","$74,794.58","$1,459.02",YES
2026-04-15 08:00:00 UTC,"$74,110.51","$72,995.41","$74,455.56","$1,460.15",YES
2026-04-15 07:00:00 UTC,"$73,730.43","$73,161.82","$74,640.54","$1,478.71",YES
2026-04-15 06:00:00 UTC,"$73,891.62","$73,275.44","$74,742.95","$1,467.51",YES
2026-04-15 05:00:00 UTC,"$74,021.50","$73,559.69","$75,115.11","$1,555.42",YES
2026-04-15 04:00:00 UTC,"$74,340.38","$73,585.19","$75,138.52","$1,553.32",YES
2026-04-15 03:00:00 UTC,"$74,345.97","$73,608.82","$75,155.27","$1,546.45",YES
2026-04-15 02:00:00 UTC,"$74,322.00","$73,837.68","$75,448.71","$1,611.03",YES
2026-04-15 01:00:00 UTC,"$74,613.28","$73,792.46","$75,370.41","$1,577.95",YES
2026-04-15 00:00:00 UTC,"$74,568.36","$73,364.50","$74,968.83","$1,604.33",YES
2026-04-14 23:00:00 UTC,"$74,131.55","$73,127.49","$74,915.62","$1,788.13",YES
2026-04-14 22:00:00 UTC,"$74,023.15","$73,302.40","$75,145.82","$1,843.42",YES
2026-04-14 21:00:00 UTC,"$74,277.15","$73,159.80","$75,147.48","$1,987.68",YES
2026-04-14 20:00:00 UTC,"$74,102.29","$73,300.17","$75,163.32","$1,863.15",YES
2026-04-14 19:00:00 UTC,"$74,223.18","$73,178.35","$75,213.85","$2,035.50",YES
2026-04-14 18:00:00 UTC,"$74,093.19","$73,853.97","$75,828.93","$1,974.96",YES
2026-04-14 17:00:00 UTC,"$74,748.90","$73,673.12","$75,797.04","$2,123.92",YES
2026-04-14 16:00:00 UTC,"$74,652.20","$74,374.41","$76,419.26","$2,044.85",YES
2026-04-14 15:00:00 UTC,"$75,317.07","$74,371.03","$75,915.21","$1,544.18",YES
2026-04-14 14:00:00 UTC,"$75,013.62","$74,792.36","$76,379.98","$1,587.63",YES
2026-04-14 13:00:00 UTC,"$75,525.94","$73,703.89","$75,332.65","$1,628.76",NO
2026-04-14 12:00:00 UTC,"$74,452.00","$73,573.46","$75,317.18","$1,743.72",YES
2026-04-14 11:00:00 UTC,"$74,376.52","$73,592.50","$75,251.74","$1,659.24",YES
2026-04-14 10:00:00 UTC,"$74,350.01","$73,703.61","$75,445.81","$1,742.20",YES
2026-04-14 09:00:00 UTC,"$74,500.00","$73,916.25","$75,730.93","$1,814.68",YES
2026-04-14 08:00:00 UTC,"$74,750.00","$73,748.86","$75,618.16","$1,869.30",YES
2026-04-14 07:00:00 UTC,"$74,546.00","$73,683.13","$75,640.51","$1,957.37",YES
2026-04-14 06:00:00 UTC,"$74,522.73","$73,217.29","$75,422.60","$2,205.31",YES
2026-04-14 05:00:00 UTC,"$74,210.11","$73,457.98","$75,605.08","$2,147.10",YES
2026-04-14 04:00:00 UTC,"$74,387.85","$73,428.29","$75,745.03","$2,316.75",YES
2026-04-14 03:00:00 UTC,"$74,444.43","$73,206.55","$75,696.98","$2,490.43",YES
2026-04-14 02:00:00 UTC,"$74,330.98","$73,280.70","$75,862.79","$2,582.09",YES
2026-04-14 01:00:00 UTC,"$74,386.02","$73,076.14","$75,761.41","$2,685.26",YES
2026-04-14 00:00:00 UTC,"$74,163.82","$73,782.62","$75,507.44","$1,724.82",YES
2026-04-13 23:00:00 UTC,"$74,417.99","$73,723.18","$75,697.31","$1,974.13",YES
2026-04-13 22:00:00 UTC,"$74,627.04","$72,286.76","$74,228.35","$1,941.60",NO
2026-04-13 21:00:00 UTC,"$73,179.71","$72,517.18","$74,063.43","$1,546.25",YES
2026-04-13 20:00:00 UTC,"$73,149.36","$72,589.55","$74,211.11","$1,621.56",YES
2026-04-13 19:00:00 UTC,"$73,322.82","$71,692.86","$73,298.13","$1,605.27",NO
2026-04-13 18:00:00 UTC,"$72,424.86","$71,410.32","$73,056.87","$1,646.55",YES
2026-04-13 17:00:00 UTC,"$72,148.87","$71,414.20","$73,053.04","$1,638.83",YES
2026-04-13 16:00:00 UTC,"$72,202.36","$71,333.22","$72,627.12","$1,293.90",YES
2026-04-13 15:00:00 UTC,"$71,866.59","$72,001.78","$72,906.08",$904.30,NO
2026-04-13 14:00:00 UTC,"$72,400.15","$71,207.82","$72,122.64",$914.82,NO
2026-04-13 13:00:00 UTC,"$71,662.65","$70,584.70","$71,548.67",$963.97,NO
2026-04-13 12:00:00 UTC,"$71,074.91","$70,422.63","$71,332.77",$910.14,YES
2026-04-13 11:00:00 UTC,"$70,929.68","$70,278.78","$71,185.86",$907.07,YES
2026-04-13 10:00:00 UTC,"$70,755.88","$70,288.29","$71,262.62",$974.33,YES
2026-04-13 09:00:00 UTC,"$70,792.88","$70,121.31","$71,125.16","$1,003.85",YES
2026-04-13 08:00:00 UTC,"$70,680.70","$70,245.50","$71,286.91","$1,041.41",YES
2026-04-13 07:00:00 UTC,"$70,813.88","$70,500.20","$71,504.93","$1,004.73",YES
2026-04-13 06:00:00 UTC,"$71,017.66","$70,325.14","$71,365.51","$1,040.37",YES
2026-04-13 05:00:00 UTC,"$70,878.82","$70,309.19","$71,415.87","$1,106.68",YES
2026-04-13 04:00:00 UTC,"$70,890.30","$70,385.54","$71,527.10","$1,141.56",YES
2026-04-13 03:00:00 UTC,"$70,976.00","$70,513.32","$71,659.08","$1,145.76",YES
2026-04-13 02:00:00 UTC,"$71,073.14","$70,661.93","$71,700.29","$1,038.36",YES
2026-04-13 01:00:00 UTC,"$71,197.64","$70,563.92","$71,619.35","$1,055.43",YES
2026-04-13 00:00:00 UTC,"$71,172.62","$70,182.03","$71,161.95",$979.91,NO
2026-04-12 23:00:00 UTC,"$70,740.98","$70,374.02","$71,406.30","$1,032.28",YES
2026-04-12 22:00:00 UTC,"$70,912.73","$70,871.23","$71,807.26",$936.03,YES
2026-04-12 21:00:00 UTC,"$71,364.02","$70,847.53","$71,770.69",$923.16,YES
2026-04-12 20:00:00 UTC,"$71,335.43","$70,585.49","$71,535.77",$950.28,YES
2026-04-12 19:00:00 UTC,"$71,084.18","$70,622.76","$71,587.72",$964.96,YES
2026-04-12 18:00:00 UTC,"$71,137.64","$70,575.25","$71,605.45","$1,030.20",YES
2026-04-12 17:00:00 UTC,"$71,140.51","$70,353.41","$71,363.50","$1,010.08",YES
2026-04-12 16:00:00 UTC,"$70,936.27","$70,254.17","$71,293.35","$1,039.18",YES
2026-04-12 15:00:00 UTC,"$70,892.03","$70,112.50","$71,217.60","$1,105.10",YES
2026-04-12 14:00:00 UTC,"$70,748.34","$70,261.20","$71,371.71","$1,110.51",YES
2026-04-12 13:00:00 UTC,"$70,889.42","$70,481.76","$71,577.25","$1,095.48",YES
2026-04-12 12:00:00 UTC,"$71,084.01","$70,835.29","$72,002.39","$1,167.11",YES
2026-04-12 11:00:00 UTC,"$71,468.55","$70,784.04","$72,021.96","$1,237.93",YES
2026-04-12 10:00:00 UTC,"$71,452.89","$70,841.73","$72,093.57","$1,251.83",YES
2026-04-12 09:00:00 UTC,"$71,531.94","$70,865.11","$72,265.28","$1,400.17",YES
2026-04-12 08:00:00 UTC,"$71,629.21","$70,862.20","$72,331.26","$1,469.06",YES
2026-04-12 07:00:00 UTC,"$71,665.00","$70,809.73","$72,384.54","$1,574.80",YES
2026-04-12 06:00:00 UTC,"$71,668.01","$70,745.12","$72,448.27","$1,703.16",YES
2026-04-12 05:00:00 UTC,"$71,710.20","$70,462.20","$72,337.28","$1,875.08",YES
2026-04-12 04:00:00 UTC,"$71,466.53","$70,492.78","$72,517.14","$2,024.36",YES
2026-04-12 03:00:00 UTC,"$71,593.19","$71,249.99","$72,052.27",$802.29,YES
2026-04-12 02:00:00 UTC,"$71,761.35","$71,141.27","$72,144.18","$1,002.91",YES
2026-04-12 01:00:00 UTC,"$71,643.69","$72,592.44","$73,552.32",$959.89,NO
2026-04-12 00:00:00 UTC,"$73,079.96","$72,598.08","$73,575.86",$977.78,YES
2026-04-11 23:00:00 UTC,"$73,043.16","$72,885.60","$73,986.59","$1,100.99",YES
2026-04-11 22:00:00 UTC,"$73,376.01","$72,985.63","$73,952.55",$966.92,YES
2026-04-11 21:00:00 UTC,"$73,427.04","$72,840.78","$73,872.03","$1,031.25",YES
2026-04-11 20:00:00 UTC,"$73,290.43","$73,323.48","$74,195.55",$872.08,NO
2026-04-11 19:00:00 UTC,"$73,687.15","$73,121.66","$73,997.16",$875.49,YES
2026-04-11 18:00:00 UTC,"$73,547.89","$72,706.92","$73,550.92",$844.00,YES
2026-04-11 17:00:00 UTC,"$73,095.97","$72,649.50","$73,486.86",$837.36,YES
2026-04-11 16:00:00 UTC,"$73,034.33","$72,428.70","$73,316.35",$887.65,YES
2026-04-11 15:00:00 UTC,"$72,858.17","$72,267.74","$73,141.52",$873.79,YES
2026-04-11 14:00:00 UTC,"$72,704.67","$72,221.99","$73,118.86",$896.87,YES
2026-04-11 13:00:00 UTC,"$72,658.07","$72,515.43","$73,391.61",$876.18,YES
2026-04-11 12:00:00 UTC,"$72,940.49","$72,432.22","$73,405.76",$973.54,YES
2026-04-11 11:00:00 UTC,"$72,907.05","$72,396.46","$73,302.55",$906.09,YES
2026-04-11 10:00:00 UTC,"$72,843.71","$72,425.25","$73,414.39",$989.14,YES
2026-04-11 09:00:00 UTC,"$72,907.11","$72,224.73","$73,144.71",$919.98,YES
2026-04-11 08:00:00 UTC,"$72,664.17","$72,256.74","$73,303.10","$1,046.36",YES
2026-04-11 07:00:00 UTC,"$72,745.38","$72,265.80","$73,289.00","$1,023.21",YES
2026-04-11 06:00:00 UTC,"$72,762.00","$72,193.73","$73,265.70","$1,071.97",YES
2026-04-11 05:00:00 UTC,"$72,722.28","$72,314.75","$73,423.46","$1,108.71",YES
2026-04-11 04:00:00 UTC,"$72,806.08","$72,327.54","$73,460.73","$1,133.19",YES
2026-04-11 03:00:00 UTC,"$72,866.63","$72,417.68","$73,612.77","$1,195.09",YES
2026-04-11 02:00:00 UTC,"$72,966.57","$72,410.91","$73,606.90","$1,195.99",YES
2026-04-11 01:00:00 UTC,"$72,954.39","$72,223.56","$73,464.02","$1,240.46",YES
2026-04-11 00:00:00 UTC,"$72,828.42","$72,388.93","$73,611.22","$1,222.30",YES
2026-04-10 23:00:00 UTC,"$72,962.70","$72,280.45","$73,629.67","$1,349.22",YES
2026-04-10 22:00:00 UTC,"$72,877.00","$72,655.70","$73,899.70","$1,244.00",YES
2026-04-10 21:00:00 UTC,"$73,190.67","$72,759.35","$74,145.50","$1,386.16",YES
2026-04-10 20:00:00 UTC,"$73,361.68","$72,615.08","$74,058.43","$1,443.35",YES
2026-04-10 19:00:00 UTC,"$73,236.11","$72,458.97","$73,949.71","$1,490.74",YES
2026-04-10 18:00:00 UTC,"$73,107.07","$72,533.81","$73,954.32","$1,420.51",YES
2026-04-10 17:00:00 UTC,"$73,121.66","$72,391.42","$73,679.54","$1,288.12",YES
2026-04-10 16:00:00 UTC,"$72,992.33","$71,989.83","$73,102.54","$1,112.71",YES
2026-04-10 15:00:00 UTC,"$72,460.51","$72,369.28","$73,519.10","$1,149.82",YES
2026-04-10 14:00:00 UTC,"$72,909.00","$71,748.19","$72,956.27","$1,208.08",YES
2026-04-10 13:00:00 UTC,"$72,321.40","$71,718.38","$72,830.54","$1,112.16",YES
2026-04-10 12:00:00 UTC,"$72,258.68","$71,570.06","$72,748.21","$1,178.15",YES
2026-04-10 11:00:00 UTC,"$72,127.59","$71,276.11","$72,543.55","$1,267.44",YES
2026-04-10 10:00:00 UTC,"$71,910.09","$71,140.89","$72,453.26","$1,312.37",YES
2026-04-10 09:00:00 UTC,"$71,787.41","$70,970.32","$72,215.39","$1,245.06",YES
2026-04-10 08:00:00 UTC,"$71,606.07","$70,874.78","$72,115.11","$1,240.33",YES
2026-04-10 07:00:00 UTC,"$71,481.85","$71,218.52","$72,476.98","$1,258.46",YES
2026-04-10 06:00:00 UTC,"$71,805.38","$71,506.96","$72,858.92","$1,351.97",YES
2026-04-10 05:00:00 UTC,"$72,127.84","$71,446.97","$72,821.53","$1,374.55",YES
2026-04-10 04:00:00 UTC,"$72,117.29","$71,224.57","$72,583.83","$1,359.26",YES
2026-04-10 03:00:00 UTC,"$71,868.67","$71,270.49","$72,727.66","$1,457.17",YES
2026-04-10 02:00:00 UTC,"$71,965.36","$71,463.23","$72,897.63","$1,434.40",YES
2026-04-10 01:00:00 UTC,"$72,157.93","$71,244.68","$72,732.39","$1,487.71",YES
2026-04-10 00:00:00 UTC,"$71,963.03","$71,068.22","$72,555.93","$1,487.71",YES
2026-04-09 23:00:00 UTC,"$71,787.97","$71,257.47","$72,813.46","$1,555.99",YES
2026-04-09 22:00:00 UTC,"$71,946.01","$71,521.76","$73,192.62","$1,670.86",YES
2026-04-09 21:00:00 UTC,"$72,264.95","$71,657.45","$73,376.40","$1,718.95",YES
2026-04-09 20:00:00 UTC,"$72,413.97","$71,270.65","$73,058.08","$1,787.42",YES
2026-04-09 19:00:00 UTC,"$72,096.32","$71,072.06","$72,888.32","$1,816.25",YES
2026-04-09 18:00:00 UTC,"$71,888.69","$71,520.17","$73,349.69","$1,829.51",YES
2026-04-09 17:00:00 UTC,"$72,347.49","$71,580.96","$72,826.13","$1,245.16",YES
2026-04-09 16:00:00 UTC,"$72,080.87","$71,511.40","$72,777.78","$1,266.39",YES
2026-04-09 15:00:00 UTC,"$72,141.99","$70,479.77","$71,683.43","$1,203.66",NO
2026-04-09 14:00:00 UTC,"$71,123.71","$70,231.86","$71,441.74","$1,209.88",YES
2026-04-09 13:00:00 UTC,"$70,801.98","$70,675.47","$71,903.78","$1,228.31",YES
2026-04-09 12:00:00 UTC,"$71,279.63","$70,584.87","$71,758.73","$1,173.86",YES
2026-04-09 11:00:00 UTC,"$71,150.17","$70,720.22","$71,919.08","$1,198.85",YES
2026-04-09 10:00:00 UTC,"$71,276.45","$70,939.21","$72,119.97","$1,180.76",YES
2026-04-09 09:00:00 UTC,"$71,534.68","$70,657.97","$71,840.69","$1,182.72",YES
2026-04-09 08:00:00 UTC,"$71,249.51","$70,350.11","$71,611.48","$1,261.37",YES
2026-04-09 07:00:00 UTC,"$70,982.01","$70,385.34","$71,629.66","$1,244.33",YES
2026-04-09 06:00:00 UTC,"$71,031.84","$70,324.28","$71,617.88","$1,293.60",YES
2026-04-09 05:00:00 UTC,"$70,984.00","$70,069.03","$71,448.87","$1,379.84",YES
2026-04-09 04:00:00 UTC,"$70,782.00","$70,248.64","$71,623.01","$1,374.37",YES
2026-04-09 03:00:00 UTC,"$70,992.39","$70,335.34","$71,787.59","$1,452.25",YES
2026-04-09 02:00:00 UTC,"$71,060.64","$70,161.16","$71,685.81","$1,524.65",YES
2026-04-09 01:00:00 UTC,"$70,928.89","$70,085.00","$71,615.07","$1,530.07",YES
2026-04-09 00:00:00 UTC,"$70,815.50","$70,279.59","$71,805.66","$1,526.07",YES
2026-04-08 23:00:00 UTC,"$71,069.93","$70,244.34","$71,917.05","$1,672.71",YES
2026-04-08 22:00:00 UTC,"$71,064.84","$70,609.40","$72,509.12","$1,899.72",YES
2026-04-08 21:00:00 UTC,"$71,551.39","$70,474.66","$72,383.90","$1,909.23",YES
2026-04-08 20:00:00 UTC,"$71,372.93","$70,473.36","$72,149.53","$1,676.17",YES
2026-04-08 19:00:00 UTC,"$71,318.48","$70,360.24","$72,035.75","$1,675.51",YES
2026-04-08 18:00:00 UTC,"$71,099.63","$71,073.10","$72,825.20","$1,752.10",YES
2026-04-08 17:00:00 UTC,"$71,888.19","$70,776.29","$72,501.87","$1,725.58",YES
2026-04-08 16:00:00 UTC,"$71,602.10","$70,551.13","$72,048.10","$1,496.97",YES
2026-04-08 15:00:00 UTC,"$71,310.00","$70,217.82","$71,736.31","$1,518.49",YES
2026-04-08 14:00:00 UTC,"$70,912.88","$71,042.86","$72,402.68","$1,359.82",NO
2026-04-08 13:00:00 UTC,"$71,600.01","$71,391.07","$72,889.72","$1,498.65",YES
2026-04-08 12:00:00 UTC,"$72,071.95","$71,025.64","$72,539.33","$1,513.69",YES
2026-04-08 11:00:00 UTC,"$71,675.12","$70,825.65","$72,347.09","$1,521.44",YES
2026-04-08 10:00:00 UTC,"$71,476.98","$70,932.37","$72,576.86","$1,644.49",YES
2026-04-08 09:00:00 UTC,"$71,678.87","$71,067.38","$72,788.89","$1,721.50",YES
2026-04-08 08:00:00 UTC,"$71,800.00","$70,816.53","$72,681.51","$1,864.98",YES
2026-04-08 07:00:00 UTC,"$71,627.59","$70,915.00","$72,811.76","$1,896.76",YES
2026-04-08 06:00:00 UTC,"$71,732.69","$70,880.42","$72,909.33","$2,028.91",YES
2026-04-08 05:00:00 UTC,"$71,731.10","$70,672.31","$72,774.65","$2,102.35",YES
2026-04-08 04:00:00 UTC,"$71,566.18","$70,258.08","$72,627.17","$2,369.09",YES
2026-04-08 03:00:00 UTC,"$71,287.39","$70,392.37","$72,737.30","$2,344.93",YES
2026-04-08 02:00:00 UTC,"$71,364.94","$70,311.14","$72,974.23","$2,663.08",YES
2026-04-08 01:00:00 UTC,"$71,476.97","$70,522.02","$73,355.53","$2,833.51",YES
2026-04-08 00:00:00 UTC,"$71,710.19","$71,373.13","$72,975.42","$1,602.29",YES
2026-04-07 23:00:00 UTC,"$71,924.22","$70,836.64","$72,441.71","$1,605.07",YES
2026-04-07 22:00:00 UTC,"$71,514.09","$69,169.93","$70,756.06","$1,586.13",NO
2026-04-07 21:00:00 UTC,"$69,927.64","$68,651.88","$70,050.38","$1,398.50",YES
2026-04-07 20:00:00 UTC,"$69,319.39","$68,301.00","$69,660.33","$1,359.33",YES
2026-04-07 19:00:00 UTC,"$69,011.29","$67,827.02","$69,116.50","$1,289.49",YES
2026-04-07 18:00:00 UTC,"$68,442.53","$68,029.21","$69,338.49","$1,309.28",YES
2026-04-07 17:00:00 UTC,"$68,705.81","$67,546.83","$68,870.61","$1,323.78",YES
2026-04-07 16:00:00 UTC,"$68,229.99","$67,490.76","$68,715.88","$1,225.12",YES
2026-04-07 15:00:00 UTC,"$68,168.10","$67,145.99","$68,469.21","$1,323.23",YES
2026-04-07 14:00:00 UTC,"$67,860.48","$67,486.50","$68,890.99","$1,404.49",YES
2026-04-07 13:00:00 UTC,"$68,231.99","$67,604.93","$69,078.16","$1,473.23",YES
2026-04-07 12:00:00 UTC,"$68,392.18","$67,822.44","$68,731.99",$909.55,YES
2026-04-07 11:00:00 UTC,"$68,345.75","$67,758.67","$68,832.70","$1,074.03",YES
2026-04-07 10:00:00 UTC,"$68,237.93","$68,633.76","$69,650.92","$1,017.17",NO
2026-04-07 09:00:00 UTC,"$69,150.05","$68,384.80","$69,504.30","$1,119.50",YES
2026-04-07 08:00:00 UTC,"$68,936.71","$68,059.81","$69,129.45","$1,069.64",YES
2026-04-07 07:00:00 UTC,"$68,624.61","$68,010.00","$69,090.43","$1,080.43",YES
2026-04-07 06:00:00 UTC,"$68,568.35","$68,034.26","$69,248.67","$1,214.42",YES
2026-04-07 05:00:00 UTC,"$68,669.00","$68,257.63","$69,473.71","$1,216.08",YES
2026-04-07 04:00:00 UTC,"$68,854.65","$68,139.21","$69,393.74","$1,254.53",YES
2026-04-07 03:00:00 UTC,"$68,779.21","$68,030.25","$69,211.01","$1,180.76",YES
2026-04-07 02:00:00 UTC,"$68,674.00","$67,720.01","$68,942.73","$1,222.72",YES
2026-04-07 01:00:00 UTC,"$68,400.01","$68,073.99","$69,445.78","$1,371.78",YES
2026-04-07 00:00:00 UTC,"$68,775.70","$68,297.95","$69,358.78","$1,060.84",YES
2026-04-06 23:00:00 UTC,"$68,853.66","$68,330.43","$69,367.84","$1,037.41",YES
2026-04-06 22:00:00 UTC,"$68,811.00","$69,040.16","$70,043.78","$1,003.62",NO
2026-04-06 21:00:00 UTC,"$69,504.99","$69,361.79","$70,444.94","$1,083.15",YES
2026-04-06 20:00:00 UTC,"$69,826.01","$69,268.65","$70,372.77","$1,104.12",YES
2026-04-06 19:00:00 UTC,"$69,739.53","$69,388.23","$70,484.96","$1,096.73",YES
2026-04-06 18:00:00 UTC,"$69,888.97","$69,078.86","$70,198.05","$1,119.19",YES
2026-04-06 17:00:00 UTC,"$69,574.61","$69,379.08","$70,412.92","$1,033.84",YES
2026-04-06 16:00:00 UTC,"$69,799.14","$69,498.98","$70,617.68","$1,118.70",YES
2026-04-06 15:00:00 UTC,"$69,968.87","$69,162.27","$70,299.33","$1,137.06",YES
2026-04-06 14:00:00 UTC,"$69,654.38","$68,905.60","$70,092.89","$1,187.29",YES
2026-04-06 13:00:00 UTC,"$69,428.23","$68,841.17","$70,054.97","$1,213.79",YES
2026-04-06 12:00:00 UTC,"$69,366.75","$69,056.26","$70,341.22","$1,284.96",YES
2026-04-06 11:00:00 UTC,"$69,614.91","$69,272.82","$70,437.44","$1,164.62",YES
2026-04-06 10:00:00 UTC,"$69,770.88","$69,237.53","$70,390.31","$1,152.78",YES
2026-04-06 09:00:00 UTC,"$69,728.00","$68,710.27","$69,868.14","$1,157.87",YES
2026-04-06 08:00:00 UTC,"$69,224.63","$68,607.73","$69,830.51","$1,222.78",YES
2026-04-06 07:00:00 UTC,"$69,115.91","$68,393.53","$69,698.72","$1,305.18",YES
2026-04-06 06:00:00 UTC,"$68,976.67","$68,566.93","$69,970.90","$1,403.97",YES
2026-04-06 05:00:00 UTC,"$69,199.31","$68,429.02","$69,998.81","$1,569.79",YES
2026-04-06 04:00:00 UTC,"$69,141.80","$68,489.64","$69,992.85","$1,503.21",YES
2026-04-06 03:00:00 UTC,"$69,123.69","$68,550.94","$70,019.91","$1,468.96",YES
2026-04-06 02:00:00 UTC,"$69,207.99","$68,148.08","$69,747.71","$1,599.63",YES
2026-04-06 01:00:00 UTC,"$68,810.18","$68,505.85","$69,902.43","$1,396.58",YES
2026-04-06 00:00:00 UTC,"$69,083.78","$68,767.51","$69,483.50",$716.00,YES
2026-04-05 23:00:00 UTC,"$69,034.18","$68,008.32","$68,775.88",$767.56,NO
2026-04-05 22:00:00 UTC,"$68,338.43","$67,267.95","$67,922.22",$654.27,NO
2026-04-05 21:00:00 UTC,"$67,553.43","$67,372.06","$68,009.76",$637.70,YES
2026-04-05 20:00:00 UTC,"$67,658.35","$67,031.12","$67,758.28",$727.16,YES
2026-04-05 19:00:00 UTC,"$67,361.01","$67,087.99","$67,811.67",$723.68,YES
2026-04-05 18:00:00 UTC,"$67,413.78","$67,001.46","$67,767.96",$766.49,YES
2026-04-05 17:00:00 UTC,"$67,373.64","$66,950.54","$67,504.20",$553.66,YES
2026-04-05 16:00:00 UTC,"$67,212.62","$67,041.15","$67,593.28",$552.13,YES
2026-04-05 15:00:00 UTC,"$67,306.64","$66,640.27","$67,181.97",$541.70,NO
2026-04-05 14:00:00 UTC,"$66,918.03","$66,628.12","$67,112.34",$484.22,YES
2026-04-05 13:00:00 UTC,"$66,890.70","$66,550.10","$66,987.82",$437.71,YES
2026-04-05 12:00:00 UTC,"$66,783.58","$66,761.66","$67,237.68",$476.02,YES
2026-04-05 11:00:00 UTC,"$66,999.00","$66,805.05","$67,278.39",$473.35,YES
2026-04-05 10:00:00 UTC,"$67,046.01","$66,796.80","$67,247.97",$451.18,YES
2026-04-05 09:00:00 UTC,"$67,035.15","$66,660.24","$67,188.92",$528.68,YES
2026-04-05 08:00:00 UTC,"$66,933.18","$66,548.84","$67,038.70",$489.87,YES
2026-04-05 07:00:00 UTC,"$66,820.64","$66,550.46","$67,038.74",$488.27,YES
2026-04-05 06:00:00 UTC,"$66,802.24","$66,701.42","$67,154.68",$453.27,YES
2026-04-05 05:00:00 UTC,"$66,931.65","$66,855.70","$67,339.22",$483.52,YES
2026-04-05 04:00:00 UTC,"$67,101.65","$66,886.89","$67,428.43",$541.54,YES
2026-04-05 03:00:00 UTC,"$67,145.98","$66,924.75","$67,430.37",$505.62,YES
2026-04-05 02:00:00 UTC,"$67,170.16","$66,854.56","$67,338.47",$483.91,YES
2026-04-05 01:00:00 UTC,"$67,085.00","$66,988.43","$67,487.63",$499.21,YES
2026-04-05 00:00:00 UTC,"$67,225.00","$67,069.30","$67,546.67",$477.38,YES
2026-04-04 23:00:00 UTC,"$67,300.42","$67,164.22","$67,666.56",$502.33,YES
2026-04-04 22:00:00 UTC,"$67,399.92","$67,113.78","$67,638.78",$524.99,YES
2026-04-04 21:00:00 UTC,"$67,359.20","$67,019.80","$67,556.44",$536.64,YES
2026-04-04 20:00:00 UTC,"$67,268.40","$67,000.62","$67,605.94",$605.32,YES
2026-04-04 19:00:00 UTC,"$67,288.42","$67,014.12","$67,595.45",$581.33,YES
2026-04-04 18:00:00 UTC,"$67,295.47","$67,039.80","$67,697.01",$657.21,YES
2026-04-04 17:00:00 UTC,"$67,329.40","$67,072.39","$67,733.77",$661.38,YES
2026-04-04 16:00:00 UTC,"$67,366.68","$67,071.91","$67,710.18",$638.27,YES
2026-04-04 15:00:00 UTC,"$67,383.66","$66,874.35","$67,557.07",$682.71,YES
2026-04-04 14:00:00 UTC,"$67,215.24","$66,858.90","$67,576.97",$718.06,YES
2026-04-04 13:00:00 UTC,"$67,193.44","$66,745.41","$67,493.99",$748.58,YES
2026-04-04 12:00:00 UTC,"$67,097.87","$66,830.58","$67,538.01",$707.43,YES
2026-04-04 11:00:00 UTC,"$67,156.93","$66,815.66","$67,549.38",$733.72,YES
2026-04-04 10:00:00 UTC,"$67,167.00","$66,641.82","$67,355.13",$713.32,YES
2026-04-04 09:00:00 UTC,"$66,988.05","$66,582.39","$67,334.18",$751.79,YES
2026-04-04 08:00:00 UTC,"$66,940.00","$66,670.98","$67,424.35",$753.38,YES
2026-04-04 07:00:00 UTC,"$67,014.96","$66,657.18","$67,372.26",$715.08,YES
2026-04-04 06:00:00 UTC,"$67,013.24","$66,559.95","$67,305.65",$745.70,YES
2026-04-04 05:00:00 UTC,"$66,916.29","$66,446.32","$67,270.08",$823.76,YES
2026-04-04 04:00:00 UTC,"$66,860.73","$66,445.57","$67,245.19",$799.62,YES
2026-04-04 03:00:00 UTC,"$66,832.18","$66,412.43","$67,297.86",$885.43,YES
2026-04-04 02:00:00 UTC,"$66,844.83","$66,399.37","$67,320.86",$921.49,YES
2026-04-04 01:00:00 UTC,"$66,852.00","$66,397.77","$67,370.60",$972.82,YES
2026-04-04 00:00:00 UTC,"$66,893.39","$66,483.88","$67,411.45",$927.58,YES
2026-04-03 23:00:00 UTC,"$66,964.30","$66,431.53","$67,411.03",$979.50,YES
2026-04-03 22:00:00 UTC,"$66,888.76","$66,494.44","$67,425.46",$931.01,YES
2026-04-03 21:00:00 UTC,"$66,964.21","$66,347.57","$67,316.37",$968.81,YES
2026-04-03 20:00:00 UTC,"$66,831.98","$66,374.70","$67,399.52","$1,024.82",YES
2026-04-03 19:00:00 UTC,"$66,885.74","$66,275.85","$67,324.03","$1,048.17",YES
2026-04-03 18:00:00 UTC,"$66,812.03","$66,365.70","$67,390.82","$1,025.12",YES
2026-04-03 17:00:00 UTC,"$66,855.01","$66,459.29","$67,554.99","$1,095.70",YES
2026-04-03 16:00:00 UTC,"$67,010.46","$66,318.56","$67,284.45",$965.89,YES
2026-04-03 15:00:00 UTC,"$66,827.15","$66,384.21","$67,428.50","$1,044.29",YES
2026-04-03 14:00:00 UTC,"$66,929.81","$66,169.90","$67,182.98","$1,013.08",YES
2026-04-03 13:00:00 UTC,"$66,672.00","$66,281.26","$67,229.37",$948.11,YES
2026-04-03 12:00:00 UTC,"$66,722.16","$66,545.26","$67,535.67",$990.42,YES
2026-04-03 11:00:00 UTC,"$67,017.44","$66,366.40","$67,372.18","$1,005.77",YES
2026-04-03 10:00:00 UTC,"$66,883.08","$66,312.50","$67,421.14","$1,108.64",YES
2026-04-03 09:00:00 UTC,"$66,859.58","$66,505.27","$67,485.64",$980.36,YES
2026-04-03 08:00:00 UTC,"$66,965.39","$66,616.24","$67,523.01",$906.77,YES
2026-04-03 07:00:00 UTC,"$67,042.08","$66,265.54","$67,217.12",$951.58,YES
2026-04-03 06:00:00 UTC,"$66,796.79","$66,089.43","$67,013.54",$924.11,YES
2026-04-03 05:00:00 UTC,"$66,600.35","$66,099.44","$67,084.59",$985.16,YES
2026-04-03 04:00:00 UTC,"$66,602.66","$66,048.11","$67,056.73","$1,008.61",YES
2026-04-03 03:00:00 UTC,"$66,579.97","$66,013.52","$67,002.04",$988.52,YES
2026-04-03 02:00:00 UTC,"$66,533.81","$66,124.81","$67,109.74",$984.93,YES
2026-04-03 01:00:00 UTC,"$66,630.00","$66,246.82","$67,325.87","$1,079.06",YES
2026-04-03 00:00:00 UTC,"$66,785.86","$66,362.98","$67,444.56","$1,081.58",YES
2026-04-02 23:00:00 UTC,"$66,901.99","$66,455.45","$67,559.23","$1,103.79",YES
2026-04-02 22:00:00 UTC,"$66,982.48","$66,301.28","$67,545.12","$1,243.84",YES
2026-04-02 21:00:00 UTC,"$66,935.93","$66,272.89","$67,571.10","$1,298.21",YES
2026-04-02 20:00:00 UTC,"$66,939.25","$66,372.23","$67,650.82","$1,278.59",YES
2026-04-02 19:00:00 UTC,"$66,975.99","$66,298.31","$67,568.26","$1,269.94",YES
2026-04-02 18:00:00 UTC,"$66,981.99","$65,962.77","$67,379.50","$1,416.73",YES
2026-04-02 17:00:00 UTC,"$66,679.16","$66,269.35","$67,866.92","$1,597.57",YES
2026-04-02 16:00:00 UTC,"$67,095.85","$66,330.10","$67,413.65","$1,083.55",YES
2026-04-02 15:00:00 UTC,"$66,852.91","$66,301.41","$67,343.24","$1,041.83",YES
2026-04-02 14:00:00 UTC,"$66,868.18","$65,685.37","$66,757.93","$1,072.56",NO
2026-04-02 13:00:00 UTC,"$66,270.87","$65,420.17","$66,528.43","$1,108.27",YES
2026-04-02 12:00:00 UTC,"$66,052.71","$65,536.97","$66,736.11","$1,199.14",YES
2026-04-02 11:00:00 UTC,"$66,220.28","$65,763.12","$67,017.35","$1,254.23",YES
2026-04-02 10:00:00 UTC,"$66,457.28","$65,736.06","$67,045.60","$1,309.55",YES
2026-04-02 09:00:00 UTC,"$66,469.60","$65,782.54","$67,038.95","$1,256.41",YES
2026-04-02 08:00:00 UTC,"$66,439.12","$66,153.32","$67,521.35","$1,368.02",YES
2026-04-02 07:00:00 UTC,"$66,930.79","$65,877.08","$67,292.52","$1,415.44",YES
2026-04-02 06:00:00 UTC,"$66,681.49","$65,634.59","$67,247.40","$1,612.81",YES
2026-04-02 05:00:00 UTC,"$66,591.54","$65,255.05","$67,171.63","$1,916.59",YES
2026-04-02 04:00:00 UTC,"$66,330.27","$65,380.79","$67,468.10","$2,087.31",YES
2026-04-02 03:00:00 UTC,"$66,576.25","$66,079.76","$67,426.88","$1,347.12",YES
2026-04-02 02:00:00 UTC,"$66,852.99","$66,857.59","$67,893.73","$1,036.14",NO
2026-04-02 01:00:00 UTC,"$67,359.27","$68,006.59","$69,159.04","$1,152.45",NO
2026-04-02 00:00:00 UTC,"$68,600.29","$67,531.00","$68,648.04","$1,117.05",YES
2026-04-01 23:00:00 UTC,"$68,113.92","$67,564.95","$68,736.87","$1,171.92",YES
2026-04-01 22:00:00 UTC,"$68,122.99","$67,716.22","$68,936.46","$1,220.25",YES
2026-04-01 21:00:00 UTC,"$68,362.53","$67,489.88","$68,839.53","$1,349.65",YES
2026-04-01 20:00:00 UTC,"$68,191.09","$67,512.48","$68,883.47","$1,370.99",YES
2026-04-01 19:00:00 UTC,"$68,176.84","$67,421.21","$68,772.93","$1,351.72",YES
2026-04-01 18:00:00 UTC,"$68,084.76","$67,638.40","$69,045.50","$1,407.10",YES
2026-04-01 17:00:00 UTC,"$68,266.62","$68,198.31","$69,600.67","$1,402.36",YES
2026-04-01 16:00:00 UTC,"$68,816.34","$68,377.64","$69,553.67","$1,176.02",YES
2026-04-01 15:00:00 UTC,"$68,918.52","$68,023.82","$69,154.17","$1,130.35",YES
2026-04-01 14:00:00 UTC,"$68,593.55","$67,521.32","$68,726.48","$1,205.16",YES
2026-04-01 13:00:00 UTC,"$68,116.07","$67,879.60","$69,021.86","$1,142.26",YES
2026-04-01 12:00:00 UTC,"$68,393.60","$68,117.63","$69,427.25","$1,309.62",YES
2026-04-01 11:00:00 UTC,"$68,712.52","$67,954.21","$69,290.30","$1,336.09",YES
2026-04-01 10:00:00 UTC,"$68,585.55","$67,858.78","$69,505.98","$1,647.20",YES
2026-04-01 09:00:00 UTC,"$68,644.00","$67,893.18","$69,617.91","$1,724.73",YES
2026-04-01 08:00:00 UTC,"$68,670.16","$68,188.77","$69,438.30","$1,249.53",YES
2026-04-01 07:00:00 UTC,"$68,692.00","$68,468.75","$69,872.33","$1,403.58",YES
2026-04-01 06:00:00 UTC,"$69,102.85","$67,775.25","$69,304.74","$1,529.50",YES
2026-04-01 05:00:00 UTC,"$68,456.02","$67,711.97","$68,951.51","$1,239.54",YES
2026-04-01 04:00:00 UTC,"$68,303.83","$67,551.40","$68,861.49","$1,310.09",YES
2026-04-01 03:00:00 UTC,"$68,170.67","$67,082.56","$68,275.79","$1,193.23",YES
2026-04-01 02:00:00 UTC,"$67,668.89","$67,287.34","$68,452.48","$1,165.14",YES
2026-04-01 01:00:00 UTC,"$67,782.73","$67,764.41","$68,994.87","$1,230.46",YES
2026-04-01 00:00:00 UTC,"$68,330.75","$67,631.34","$69,075.57","$1,444.23",YES
2026-03-31 23:00:00 UTC,"$68,284.48","$67,422.11","$69,006.24","$1,584.13",YES
2026-03-31 22:00:00 UTC,"$68,172.87","$67,551.71","$69,167.28","$1,615.57",YES
2026-03-31 21:00:00 UTC,"$68,277.99","$67,430.73","$69,319.41","$1,888.68",YES
2026-03-31 20:00:00 UTC,"$68,265.53","$66,894.10","$68,946.69","$2,052.59",YES
2026-03-31 19:00:00 UTC,"$67,838.80","$66,747.46","$69,040.03","$2,292.57",YES
2026-03-31 18:00:00 UTC,"$67,854.05","$66,808.54","$68,272.77","$1,464.23",YES
2026-03-31 17:00:00 UTC,"$67,526.75","$66,805.80","$68,504.53","$1,698.73",YES
2026-03-31 16:00:00 UTC,"$67,665.83","$65,813.20","$67,549.92","$1,736.71",NO
2026-03-31 15:00:00 UTC,"$66,736.80","$66,007.78","$67,225.83","$1,218.05",YES
2026-03-31 14:00:00 UTC,"$66,587.45","$66,589.28","$67,912.85","$1,323.57",NO
2026-03-31 13:00:00 UTC,"$67,302.29","$65,982.00","$67,311.68","$1,329.69",YES
2026-03-31 12:00:00 UTC,"$66,653.26","$65,931.57","$67,285.42","$1,353.84",YES
2026-03-31 11:00:00 UTC,"$66,685.69","$65,635.40","$66,899.85","$1,264.46",YES
2026-03-31 10:00:00 UTC,"$66,363.38","$65,526.69","$66,648.08","$1,121.39",YES
2026-03-31 09:00:00 UTC,"$66,124.99","$66,206.38","$67,339.22","$1,132.84",NO
2026-03-31 08:00:00 UTC,"$66,778.33","$66,725.15","$68,002.16","$1,277.01",YES
2026-03-31 07:00:00 UTC,"$67,367.69","$66,839.31","$68,187.58","$1,348.27",YES
2026-03-31 06:00:00 UTC,"$67,492.85","$66,945.88","$68,476.79","$1,530.91",YES
2026-03-31 05:00:00 UTC,"$67,681.68","$66,776.42","$68,388.40","$1,611.98",YES
2026-03-31 04:00:00 UTC,"$67,544.01","$66,877.70","$68,666.50","$1,788.79",YES
2026-03-31 03:00:00 UTC,"$67,704.74","$67,388.15","$68,664.69","$1,276.54",YES
2026-03-31 02:00:00 UTC,"$67,943.43","$67,437.20","$68,464.06","$1,026.86",YES
2026-03-31 01:00:00 UTC,"$67,938.54","$66,665.70","$67,724.32","$1,058.62",NO
